EX_ID,QTY,VOL,WGT,ADDR,LAT,LON,VAN_ID
BJFHD20190524001440,300.0,7.209,1105.0,北京市海淀区唐家岭京包路7号中区西101库,40.088582775690206,116.29608514381765,京PL1965
BJFHD20190530000284,1.0,0.02267,3.45,北京市海淀区苏州街18号院长远天地B2-509,39.98420909415399,116.31317699884065,京ED6758
BJFHD20190530000292,5.0,0.14235,20.25,北京市海淀区彩和坊路8号天创科技大厦B2东北角,39.98772220926014,116.31536219256998,京PM1867
BJFHD20190530000543,2.0,0.04534,6.9,北京市海淀区海淀北二街6号普天大厦1410,39.98968538757673,116.31840740513015,京EP0226
BJFHD20190530000544,3.0,0.06801,10.65,北京市海淀区中关村东路89号恒兴大厦A308,39.98871632260247,116.33936156960856,京EP0226
BJFHD20190531000253,30.0,0.8541,121.5,北京市东城区东四十条68号801室平安发展大厦,39.939321923271635,116.43144924255616,京KAF528
BJPSD20190530000079,2.0,0.11732000000000001,19.62,北京市北京市通州区北苑街道办事处亦庄经济技术开发区科创十三街14号（国家电网）,39.78760097735817,116.57176274684099,京AFX809
BJPSD20190530000080,18.0,1.05588,176.58,北京北京海淀区西三旗街道办事处海淀区西小口路18号???国家电网公司高级培训中心,40.03470265159752,116.35718211119683,京HAE675
BJPSD20190603000003,110.0,5.4774,739.5,北京市海淀区冷泉东路99号院吉友托运部16号库房,40.04483516527077,116.23776711679808,京N7CE85
BJPSD20190603000004,11.0,0.0638,19.712,北京市海淀区上地摩码12号楼地下一层,39.92035224841492,116.37979928800486,京HFV249
BJPSD20190603000005,30.0,0.8034,125.1,北京海淀区芙蓉路芙蓉里小区甲1号,39.99484501425735,116.30698940580992,京MBZ736
BJPSD20190603000007,10.0,0.5656,62.05,北京市海淀区中关村东路89号恒兴大厦20层B号,39.98864109891306,116.33937383327537,京PL1870
BJPSD20190603000008,100.0,4.272,674.0,北京市省  北京市  海淀区    万泉河桥南56-4号,39.9905576602698,116.30724261926876,京CAM602
BJPSD20190603000009,6.0,0.25632,40.14,北京市北京海淀区苏州街75号 鼎均大厦三层 3121,39.97945359106418,116.311194776343,京CAM602
BJPSD20190603000012,9.0,0.43632,59.85,北京市海淀区海淀路19-1号中成大厦1106室,39.9920883445681,116.31757237446365,京MBK695
BJPSD20190603000014,10.0,0.8207,88.4,北京海淀区芙蓉路芙蓉里小区甲1号,39.99484501425735,116.30698940580992,京MBZ736
BJPSD20190603000015,7.0,0.41062,65.31,北京市北京海淀区知春路豪景佳苑3号楼406,39.98061986366163,116.32957415558565,京PL1870
BJPSD20190603000016,54.0,1.89244,297.0,北京市北京海淀区知春路豪景佳苑3号楼406,39.98061986366163,116.32957415558565,京PL1870
BJPSD20190603000017,6.0,0.35196,55.8,北京市北京海淀区知春路豪景佳苑3号楼406,39.98059367495201,116.32947315909715,京PL1870
BJPSD20190603000019,30.0,0.3375,71.1,北京市海淀区苏州街12号西屋国际B701,39.98670209794111,116.31283995461331,京CAM602
BJPSD20190603000020,60.0,2.5335,391.5,北京北京海淀北京市 北京市 海淀区 海淀区百环公寓1层,39.99271309676544,116.30872302046107,京MBZ736
BJPSD20190603000021,180.0,2.172,467.0,北京海淀区芙蓉里北路芙蓉里小区土产库房,39.99549397934933,116.30734178590893,京MBZ736
BJPSD20190603000022,40.0,1.689,261.0,北京北京海淀北京市 北京市 海淀区 海淀区百环公寓1层,39.99271309676544,116.30872302046107,京MBZ736
BJPSD20190603000028,60.0,2.1873,322.5,北京市海淀区海淀南路19号时代网络大厦5011,39.98273153358037,116.31717176344353,京CAM602
BJPSD20190603000029,60.0,2.1873,322.5,北京市海淀区西北旺镇冷泉村冷泉东路100号,40.036053055654946,116.24037238790245,京LBA621
BJPSD20190603000030,20.0,0.8234,118.2,北京市海淀区芙蓉里南街6号院百环公寓712室,39.99271309676544,116.30872302046107,京MBZ736
BJPSD20190603000045,60.0,2.5335,391.5,北京北京海淀北京市 北京市 海淀区 海淀区中关村东路怡升园6单元13层1212室,39.98555781257193,116.3411804154865,京PL1870
BJPSD20190603000046,70.0,3.9193,633.5,北京北京海淀北京市 北京市 海淀区 海淀区西北旺冷泉东路库房,40.04685502201415,116.23790271788592,京N7CE85
BJPSD20190603000047,200.0,5.57,1048.0,北京市海淀区苏州街中关村公馆A209,39.98354813147782,116.31865899804583,京MBK695
BJPSD20190603000054,8.0,0.78714,87.98,北京市海淀区苏州街18号长远天地大厦C座后院,39.98473844013585,116.31384435000402,京MBK695
BJPSD20190603000055,100.0,4.2225,652.5,北京北京海淀北京市 北京市 海淀区 海淀区中成大厦,39.99214415117413,116.31717427869894,京MBK695
BJPSD20190603000056,2.0,0.07699,11.83,北京市东城区东厂胡同一号804,39.92884731356189,116.41571569822699,京YF7175
BJPSD20190603000057,1.0,0.028460000000000003,4.0,北京北京海淀北京市 北京市 海淀区 海淀区西北旺冷泉东路库房,40.04685502201415,116.23790271788592,京N7CE85
BJPSD20190603000058,20.0,0.284,53.2,北京市海淀区中关村E世界卸货平台,39.990230402599686,116.31633436304712,京MBK695
BJPSD20190603000069,20.0,0.225,47.519999999999996,北京市海淀区中关村鼎好A座B1-185,39.99055910741049,116.3208018609246,京MBK695
BJPSD20190603000073,60.0,2.5335,382.8,北京北京海淀北京市 北京市 海淀区 海淀区芙蓉里小区,39.99484501425735,116.30698940580992,京MBZ736
BJPSD20190603000079,20.0,0.7870999999999999,121.9,北京市海淀区万寿寺甲四号,39.95593912541977,116.32137367729699,京YF7175
BJPSD20190603000081,10.0,0.568,86.6,北京市海淀区苏州街18号长远天地大厦C座后院,39.98473844013585,116.31384435000402,京MBK695
CDFHD20190529000143,35.0,1.6968,232.75,北京市 海淀区苏州街18号长远天地B2座地下三层36号库房 冀云龙,39.984590071646416,116.31311471662472,京PM1867
CDFHD20190529000146,100.0,5.8660000000000005,975.5,北京市海淀区西四环北路金雅园北区1号楼负一层,39.94931382812822,116.28256066137487,京HAE675
CDFHD20190529000571,3.0,0.22608000000000003,27.66,北京市昌平去龙域中街1号院龙域中心A座802,40.07293807961744,116.32375598350946,京EH2189
CDFHD20190529000633,1.0,0.07536,8.86,北京市海淀区知春路56号 西区11号楼1层,39.980867250465394,116.34292719390659,京EP0226
CDFHD20190529000637,1.0,0.07536,9.22,北京市海淀区西北旺邓庄南路万家盛景大厦A座608,40.07261577906166,116.27772519222826,京N9UB75
CDFHD20190529000657,1.0,0.07536,9.22,北京市海淀区西北旺邓庄南路万家盛景大厦A座 608,40.07261577906166,116.27772519222826,京N9UB75
CDFHD20190529001017,3.0,0.22608000000000003,27.06,北京市海淀区罗庄西里碧兴园2号楼702室,39.98013071100527,116.34992811454266,京N9UB75
CDFHD20190529001133,35.0,0.8638,149.8,北京市海淀区复兴路11号,39.91670409554661,116.3251817740149,京QQ06C8
CDFHD20190529001231,3.0,0.09558,13.35,北京市海淀区罗庄西里碧兴园2号楼702室,39.98013071100527,116.34992811454266,京N9UB75
CDFHD20190529001232,3.0,0.09558,13.35,北京市昌平去龙域中街1号院龙域中心A座802,40.07293807961744,116.32375598350946,京EH2189
CDFHD20190529001266,1.0,0.03186,4.45,北京市海淀区知春路56号 西区11号楼1层,39.980867250465394,116.34292719390659,京EP0226
CDFHD20190529001269,1.0,0.03186,4.45,北京市海淀区西北旺邓庄南路万家盛景大厦A座608,40.07270308332547,116.27812098563597,京N9UB75
CDFHD20190529001279,1.0,0.03186,4.45,北京市海淀区西北旺邓庄南路万家盛景大厦A座 608,40.07261577906166,116.27772519222826,京N9UB75
CDFHD20190529001663,60.0,1.7208,255.0,北京市海淀区西北旺镇土井村甲49号东居库房1号库/ 刘波,40.08025906424931,116.28976697758952,京N9UB75
CDFHD20190529001923,7.0,0.33936,46.55, 北京石景山区四环到五环内银河财智中心B座9层/胡晓明 ,39.910587428753075,116.22848830366668,京Q39UU8
CDFHD20190530000396,16.0,0.73328,104.0,北京市朝阳区望京利泽东二路1号,40.0176070078758,116.48827933781384,京KAF528
CDFHD20190530000408,4.0,0.19392,26.6,北京市顺义区金马工业区北路19号院内/孙金龙（顺义）新,40.143113737275016,116.58768820943695,京AKV539
CDFHD20190530000427,140.0,6.7872,931.0,北京市海淀区温泉镇凯盛家园一区2号楼地下一层105室,40.05600459123725,116.17922419644817,京N7FP16
CDFHD20190530000918,5.0,0.2424,33.25,北京市西城区德胜门外大街125号B座三层,39.95838561593574,116.38435526268694,京Q83JZ2
CDFHD20190530001099,1.0,0.07536,8.9,北京市海淀区文慧园北路8号庆亚大厦A0510,39.960695128286545,116.36841064081719,京N0AB48
CDFHD20190530001100,1.0,0.02868,4.25,北京市海淀区文慧园北路8号庆亚大厦A0510,39.960695128286545,116.36841064081719,京N0AB48
CDFHD20190530001179,16.0,1.20576,142.4,北京市海淀区文慧园北路8号庆亚大厦A0510,39.960695128286545,116.36841064081719,京N0AB48
CDFHD20190530001180,16.0,0.50976,71.2,北京市海淀区文慧园北路8号庆亚大厦A0510,39.960695128286545,116.36841064081719,京N0AB48
CDFHD20190530001182,1.0,0.07536,9.22,北京市海淀区文慧园北路8号庆亚大厦A0510,39.96069505314281,116.36841101990211,京N0AB48
CDFHD20190530001183,1.0,0.03186,4.45,北京市海淀区文慧园北路8号庆亚大厦A0510,39.960695128286545,116.36841064081719,京N0AB48
CDFHD20190530001184,9.0,0.67824,82.98,北京市海淀区文慧园北路8号庆亚大厦A0510,39.960695128286545,116.36841064081719,京N0AB48
CDFHD20190530001185,9.0,0.28674,40.05,北京市海淀区文慧园北路8号庆亚大厦A0510,39.960695128286545,116.36841064081719,京N0AB48
CDFHD20190530001186,3.0,0.225,27.24,北京市海淀区文慧园北路8号庆亚大厦A0510,39.960695128286545,116.36841064081719,京N0AB48
CDFHD20190530001203,8.0,0.6,69.44,北京市朝阳区红军营南路天朗园汇中广场C座2层,40.03847691917833,116.42078910406927,京N0CW85
CDFHD20190530001204,8.0,0.25488,35.6,北京市朝阳区红军营南路天朗园汇中广场C座2层,40.03847691917833,116.42078910406927,京N0CW85
CDFHD20190530001474,60.0,1.9116,267.0,北京市西城区闹市口大街1号院1号楼中国建设银行,39.91922870184627,116.36442937055969,京LBA621
CDFHD20190530001475,100.0,3.1860000000000004,445.0,北京市西城区金融街25号中国建设银行,39.918642330847966,116.36538485321537,京LBA621
CDFHD20190530001515,10.0,0.75,90.6,北京市海淀区西三旗桥东新龙大厦B1-1218,40.06433553737805,116.33491800708137,京EH2189
CDFHD20190530001570,2.0,0.02474,5.55,北京市海淀区西北旺邓庄南路万家盛景大厦A座608,40.07261577906166,116.27772519222826,京N9UB75
CDFHD20190531000439,14.0,0.67872,93.1,北京市顺义区金马工业区北路19号院内/孙金龙（顺义）新,40.143113737275016,116.58768820943695,京AKV539
HFFHD20190527000512,6.0,0.04292,6.300659999999999,北京市顺义区空港物流园顺畅大道16号普洛斯物流园B5-148号库,40.131879593269396,116.60325994220848,京PBA810
HFFHD20190529000172,1.0,0.01138,2.08,北京市海淀区苏州街长远天地大厦C座101,39.98473844013585,116.31384435000402,京ED6758
HFFHD20190529000184,20.0,0.276,40.2,北京市海淀区东北旺西路中关村软件园17号楼地下库房,40.05801903482585,116.29728291024904,京ADV2858
HFFHD20190529000258,10.0,0.10800000000000001,26.0,北京朝阳区三环以内 东三环中路1号环球金融中心东塔3层,39.92451136941853,116.46619328144368,京E65745
HFFHD20190529000261,3.0,0.033839999999999995,7.83,北京市海淀区西五道口2号荣上居地下二层D23 钟高欣,39.9854566130453,116.34547498596011,京EP0226
HFFHD20190529000307,6.0,0.08280000000000001,12.3,北京市海淀区西北旺镇土井村甲49号东居库房1号库(西北旺派出所东侧)/周康,40.047328887361665,116.27202541951321,京N9UB75
HFFHD20190529000319,9.0,0.060439999999999994,10.941329999999999,北京朝阳区三环到四环之间5号院10号楼外运大厦B座4层B座401室,39.98451861707255,116.41073354405503,京Q83JZ2
HFFHD20190529000324,3.0,0.02146,3.15033,北京市顺义区空港物流园顺畅大道16号普洛斯物流园B5-148号库,40.131879593269396,116.60325994220848,京PBA810
HFFHD20190529000341,3.0,0.0324,7.53,北京市朝阳区广渠门外大街8号优士阁A座2311室,39.898764840605175,116.46527907592618,京E95505
HFFHD20190529000405,50.0,0.5875,142.5,北京市海淀区西北旺镇土井村甲49号东居库房1号库/ 刘波,40.08025906424931,116.28976697758952,京N9UB75
HFFHD20190530000153,1.0,0.01295,2.46,NRTDOA-北京市通州区马驹桥镇兴贸一街十四号京东售后-周宏杰,39.76987001504703,116.57587386895655,京AFX809
HFFHD20190530000154,1.0,0.02543,4.97,NRTDOA-北京市通州区马驹桥镇兴贸一街十四号京东售后-周宏杰,39.76987001504703,116.57587386895655,京AFX809
HFFHD20190530000155,1.0,0.02543,4.97,NRTDOA-北京市通州区马驹桥镇兴贸一街十四号京东售后-周宏杰,39.76987001504703,116.57587386895655,京AFX809
HFFHD20190530000156,1.0,0.02543,4.97,NRTDOA-北京市通州区马驹桥镇兴贸一街十四号京东售后-周宏杰,39.76987001504703,116.57587386895655,京AFX809
HFFHD20190530000157,1.0,0.02543,5.01,NRTDOA-北京市通州区马驹桥镇兴贸一街十四号京东售后-周宏杰,39.76987001504703,116.57587386895655,京AFX809
HFFHD20190530000158,1.0,0.02543,5.01,NRTDOA-北京市通州区马驹桥镇兴贸一街十四号京东售后-周宏杰,39.76987001504703,116.57587386895655,京AFX809
HFFHD20190530000159,1.0,0.02543,5.01,NRTDOA-北京市通州区马驹桥镇兴贸一街十四号京东售后-周宏杰,39.76987001504703,116.57587386895655,京AFX809
HFFHD20190530000160,1.0,0.02543,5.01,NRTDOA-北京市通州区马驹桥镇兴贸一街十四号京东售后-周宏杰,39.76987001504703,116.57587386895655,京AFX809
HFFHD20190530000161,1.0,0.02543,5.01,NRTDOA-北京市通州区马驹桥镇兴贸一街十四号京东售后-周宏杰,39.76987001504703,116.57587386895655,京AFX809
HFFHD20190530000162,1.0,0.02543,5.01,NRTDOA-北京市通州区马驹桥镇兴贸一街十四号京东售后-周宏杰,39.76987001504703,116.57587386895655,京AFX809
HFFHD20190530000163,1.0,0.02543,5.01,NRTDOA-北京市通州区马驹桥镇兴贸一街十四号京东售后-周宏杰,39.76987001504703,116.57587386895655,京AFX809
HFFHD20190530000164,1.0,0.02543,5.01,NRTDOA-北京市通州区马驹桥镇兴贸一街十四号京东售后-周宏杰,39.76987001504703,116.57587386895655,京AFX809
HFFHD20190530000165,1.0,0.02543,4.97,NRTDOA-北京市通州区马驹桥镇兴贸一街十四号京东售后-周宏杰,39.76987001504703,116.57587386895655,京AFX809
HFFHD20190530000166,1.0,0.02543,4.97,NRTDOA-北京市通州区马驹桥镇兴贸一街十四号京东售后-周宏杰,39.76987001504703,116.57587386895655,京AFX809
HFFHD20190530000167,1.0,0.02543,4.61,NRTDOA-北京市通州区马驹桥镇兴贸一街十四号京东售后-周宏杰,39.76987001504703,116.57587386895655,京AFX809
HFFHD20190530000175,1.0,0.019119999999999998,3.04,北京市朝阳区金台路25号一层门面,39.927372696650465,116.4844806256936,京E65745
HFFHD20190530000220,40.0,0.4512,113.6,北京市顺义区南彩镇九王庄村兴盛街1号 孟红梅,40.12842076057178,116.7477579862199,京PBA810
HFFHD20190530000221,10.0,0.10800000000000001,26.0,北京市海淀区成府路28号，优盛大厦A座15层，100083,39.997998106282694,116.34556881756384,京EP0226
HFFHD20190530000272,15.0,0.162,40.2,北京市朝阳区望京中环南路7号西门子B座 100102,39.99071157421522,116.4783830940784,京Q7S2E7
HFFHD20190530000274,2.0,0.0216,5.14,北京市海淀区中关村大街15号创业公社地下B2-09/,39.98631509241198,116.3198068887587,京ED6758
HFFHD20190530000342,10.0,0.10800000000000001,26.4,北京市海淀区中关村东路18号财智国际大厦B1608室,39.99379097181895,116.34064718223408,京EP0226
HFFHD20190530000347,10.0,0.10800000000000001,26.4,北京市海淀区西北旺镇土井村甲49号东居库房1号库/ 刘波,40.08025906424931,116.28976697758952,京N9UB75
HFFHD20190530000463,7.0,0.0966,14.07,北京市昌平区龙域中街1号院龙域中心A座8层,40.07293807961744,116.32375598350946,京EH2189
HFFHD20190530000483,3.0,0.0324,7.86,北京市海淀区万泉庄路28号万柳新贵B座B602,39.97338299301442,116.30781357596278,京ED6758
HFFHD20190530000545,80.0,2.0344,360.0,北京市通州区马驹桥镇物流产业园区融商四路六号 苏宁二期,39.77131296926657,116.58730013538238,京AFX809
HFFHD20190530000546,100.0,2.543,450.0,北京市通州区马驹桥镇物流产业园区融商四路六号 苏宁二期,39.77131296926657,116.58730013538238,京AFX809
HFFHD20190531000238,6.0,0.0828,12.66,北京市朝阳区东大桥路9号侨福芳草地大厦B座8层,39.92479325041784,116.45560356202402,京E65745
HFFHD20190531000253,2.0,0.0235,5.16,北京市海淀区中关村科学院南路2号融科A座8层,39.990719140539895,116.33137406338683,京EP0226
HFFHD20190531000270,1.0,0.0108,2.63,北京市昌平区龙域中街1号院龙域中心A座8层,40.07293807961744,116.32375598350946,京EH2189
HFFHD20190531000313,1.0,0.02543,4.99,北京市丰台区丰科万达3层3022b联想专卖,39.830762,116.306364,京Q01PU2
HFFHD20190531000314,2.0,0.05086,9.39,北京市丰台区丰科万达3层3022b联想专卖,39.830762,116.306364,京Q01PU2
HFFHD20190531000315,2.0,0.0259,4.96,北京市丰台区丰科万达3层3022b联想专卖,39.830762,116.306364,京Q01PU2
HFFHD20190531000340,2.0,0.05086,9.72,直营-北京市石景山区石景山路乙18号石景山万达广场2F层2026A,39.911484476056714,116.23388545791647,京Q39UU8
HFFHD20190531000344,2.0,0.05086,9.72,直营-北京市海淀区清河中街68号五彩城购物中心西区一层L106,40.03572377440466,116.34169354915312,京ADV2858
HFFHD20190531000401,1.0,0.0138,2.0,北京市朝阳区东三环中路1号环球金融中心办公楼东楼21层金杜律师事务所,39.924387280436626,116.46587078078254,京E65745
HFFHD20190531000402,1.0,0.0138,2.0,北京市朝阳区东三环中路1号环球金融中心东楼18层,39.92442530032076,116.46654400776224,京E65745
HFFHD20190531000403,1.0,0.0138,2.0,北京市朝阳区东三环中路1号环球金融中心东楼20层,39.92442530032076,116.46654400776224,京E65745
HFFHD20190531000405,1.0,0.0138,2.0,北京市东城区东华北里西区24号楼宝润苑C座1011,39.90452466695762,116.43445138675695,京E95505
HFFHD20190531000673,3.0,0.0309,4.11833,北京朝阳区三环到四环之间安定路5号院B座1602室1603室,39.98561503075444,116.41251171196456,京Q83JZ2
HFFHD20190531000755,180.0,4.5774,810.0,北京市丰台区京农控股集团有限公司小井村292号,39.8851070781881,116.30330962215277,京CAM602
HYFHD20190528001961,25.0,0.75775,78.75,海淀北京市海淀区上地西路6号联想北研大厦B座1层,40.05945176615027,116.30663140591163,京ADV2858
HYFHD20190529000011,1.0,0.09292,15.85,北京北京市海淀区知春路豪景佳苑2号楼1507,39.98130770719146,116.32835997890919,京EP0226
HYFHD20190529000056,30.0,1.2246,206.7,北京市朝阳区新源南路1号都汇天地二层,39.95480420719806,116.46653266126535,京YK8178
HYFHD20190529000139,2.0,0.08164,13.54,北京市海淀区中关村大街15号创业公社地下B2-09/,39.98631509241198,116.3198068887587,京ED6758
HYFHD20190529000187,4.0,0.20096,31.36,北京市丰台区芳星园一区六号,39.87103935496326,116.43978907138536,京Q01PU2
HYFHD20190529000230,1.0,0.07646,9.79,北京 西城区 内环到二环里 复兴门内大街28号凯晨世贸中心中座二层,39.912137748632624,116.37120893075199,京QQ06C8
HYFHD20190529000231,2.0,0.15292,19.58,北京 西城区 内环到二环里 闹市口大街1号长安兴融中心4号楼9层D区泰康健康,39.910937053962755,116.36858349006849,京QQ06C8
HYFHD20190529000785,3.0,0.22613,30.85,北京北京市海淀区知春路豪景佳苑2号楼1507,39.98130770719146,116.32835997890919,京EP0226
HYFHD20190529000852,381.0,12.13866,1695.45,北京市海淀区红联南村44号2号楼4层401室,39.954678313897226,116.36705816192271,京PL1965
HYFHD20190529001347,1.0,0.04848,6.9,北京市东城区朝阳门北大街17号人保大厦605,39.93329485679451,116.43973142352755,京E65745
HYFHD20190529001998,6.0,0.24491999999999997,42.48,北京市朝阳区麦子店西路3号新恒基国际大厦1005,39.964058144904335,116.47393197051373,京Q7S2E7
HYFHD20190529002351,4.0,0.20096,32.04,北京市海淀区上地三街9号嘉华大厦A座B2-10A/张冬梅,40.04208874570346,116.31480239283042,京ADV2858
HYFHD20190529002419,60.0,3.0144,390.74,北京市海淀区西北旺镇土井村甲49号东居库房1号库/ 刘波,40.08025906424931,116.28976697758952,京N9UB75
HYFHD20190529002438,7.0,0.35168,56.0, 北京石景山区四环到五环内银河财智中心B座9层/胡晓明 ,39.91058743158948,116.22848825875141,京Q39UU8
HYFHD20190529002511,33.0,0.00033000000000000005,0.00033000000000000005,北京市朝阳区酒仙桥路10号82号楼B23B一至三层,39.985064752922916,116.49919900215238,京Q7S2E7
HYFHD20190530000032,10.0,0.4082,73.8,北京市海淀区上地信息路2号2-1幢C栋浪潮大厦828室/乔红,40.05270710120692,116.31268681328656,京PM1868
HYFHD20190530000033,1.0,0.05024,7.62,北京市海淀区苏州街18号院长远天地B2-509,39.98420909415399,116.31317699884065,京ED6758
HYFHD20190530000071,16.0,0.9385600000000001,156.32,北京市朝阳区望京利泽东二路1号,40.0176070078758,116.48827933781384,京KAF528
HYFHD20190530000128,27.0,1.58382,241.11,北京市东城区朝阳门北大街东方文化大厦,39.9340004812855,116.44054632676077,京KAF528
HYFHD20190530000149,5.0,0.3285,39.5,北京市海淀区中关村大街15号创业公社地下B2-09/,39.98631509241198,116.3198068887587,京ED6758
HYFHD20190530000153,3.0,0.17598,27.93,北京海淀区芙蓉路芙蓉里小区甲1号,39.99484501425735,116.30698940580992,京ED6758
HYFHD20190530000194,6.0,0.35196,55.08,北京市朝阳区太阳宫南街6号院海油大厦C座东门,39.98349405588346,116.44494602053838,京Q7S2E7
HYFHD20190530000683,1.0,0.02847,4.05,北京市东城区朝阳门北大街17号人保大厦605,39.93329485679451,116.43973142352755,京E65745
HYFHD20190530000700,4.0,0.23464000000000002,37.88,北京市顺义区金马工业区北路19号院内/孙金龙（顺义）新,40.143113737275016,116.58768820943695,京AKV539
HYFHD20190530000703,39.0,1.9593599999999998,293.67,北京市海淀区西北旺镇土井村甲49号东居库房1号库/ 刘波,40.08025906424931,116.28976697758952,京N9UB75
HYFHD20190530001756,3.0,0.23953,30.8333,北京北京市海淀区知春路豪景佳苑2号楼1507,39.98130770719146,116.32835997890919,京EP0226
HYFHD20190530001843,1.0,0.05024,7.07,NRTDOA-北京市通州区马驹桥镇兴贸一街十四号京东售后-周宏杰,39.76987001504703,116.57587386895655,京AFX809
HYFHD20190530001844,1.0,0.05024,7.07,NRTDOA-北京市通州区马驹桥镇兴贸一街十四号京东售后-周宏杰,39.76987001504703,116.57587386895655,京AFX809
HYFHD20190530001845,1.0,0.05024,7.07,NRTDOA-北京市通州区马驹桥镇兴贸一街十四号京东售后-周宏杰,39.76987001504703,116.57587386895655,京AFX809
HYFHD20190530001846,1.0,0.05024,7.2,NRTDOA-北京市通州区马驹桥镇兴贸一街十四号京东售后-周宏杰,39.76987001504703,116.57587386895655,京AFX809
HYFHD20190530001847,1.0,0.05024,7.37,NRTDOA-北京市通州区马驹桥镇兴贸一街十四号京东售后-周宏杰,39.76987001504703,116.57587386895655,京AFX809
HYFHD20190530001848,1.0,0.05024,7.37,NRTDOA-北京市通州区马驹桥镇兴贸一街十四号京东售后-周宏杰,39.76987001504703,116.57587386895655,京AFX809
HYFHD20190530001909,2.0,0.11732000000000001,17.78,北京市东城区朝阳门北大街17号人保大厦605,39.93329485679451,116.43973142352755,京E65745
HYFHD20190530001967,2.0,0.11732000000000001,19.36,北京市西城区德外大街12号,39.96757232507919,116.38780516637088,京Q83JZ2
HYFHD20190530001972,2.0,0.10048,15.54,北京市海淀区海淀北二街6号普天大厦1410,39.98968538757673,116.31840740513015,京EP0226
HYFHD20190530001973,3.0,0.15072,24.15,北京市海淀区中关村东路89号恒兴大厦A308,39.98871632260247,116.33936156960856,京EP0226
HYFHD20190530001975,6.0,0.30144,45.3,北京市 海淀区苏州街18号长远天地B2座地下三层36号库房 冀云龙,39.984590071646416,116.31311471662472,京PM1867
HYFHD20190530001986,1.0,0.04082,7.44,北京市朝阳区安苑东里一区2号航旅大厦5层522室,39.98984080041114,116.41726238358628,京Q83JZ2
HYFHD20190530001992,5.0,0.2512,38.1,北京市西城区德胜门外大街125号B座三层,39.95838561593574,116.38435526268694,京Q83JZ2
HYFHD20190530002293,1.0,0.03765,6.05,北京市通州区马驹桥镇物流产业园区融商四路六号 苏宁二期,39.77131296926657,116.58730013538238,京AFX809
HYFHD20190530002294,1.0,0.03765,6.05,北京市通州区马驹桥镇物流产业园区融商四路六号 苏宁二期,39.77131296926657,116.58730013538238,京AFX809
HYFHD20190530002295,1.0,0.03765,6.05,北京市通州区马驹桥镇物流产业园区融商四路六号 苏宁二期,39.77131296926657,116.58730013538238,京AFX809
HYFHD20190530002296,1.0,0.03765,6.05,北京市通州区马驹桥镇物流产业园区融商四路六号 苏宁二期,39.77131296926657,116.58730013538238,京AFX809
HYFHD20190530002297,1.0,0.03765,6.05,北京市通州区马驹桥镇物流产业园区融商四路六号 苏宁二期,39.77131296926657,116.58730013538238,京AFX809
HYFHD20190530002298,1.0,0.03765,6.05,北京市通州区马驹桥镇物流产业园区融商四路六号 苏宁二期,39.77131296926657,116.58730013538238,京AFX809
HYFHD20190530002299,1.0,0.055999999999999994,9.1,北京市通州区马驹桥镇物流产业园区融商四路六号 苏宁二期,39.77131296926657,116.58730013538238,京AFX809
HYFHD20190530002300,1.0,0.05599,8.73,北京市通州区马驹桥镇物流产业园区融商四路六号 苏宁二期,39.77131296926657,116.58730013538238,京AFX809
HYFHD20190530002301,1.0,0.03765,6.05,北京市通州区马驹桥镇物流产业园区融商四路六号 苏宁二期,39.77131296926657,116.58730013538238,京AFX809
HYFHD20190530002302,1.0,0.03765,6.05,北京市通州区马驹桥镇物流产业园区融商四路六号 苏宁二期,39.77131296926657,116.58730013538238,京AFX809
HYFHD20190530002303,1.0,0.03765,6.05,北京市通州区马驹桥镇物流产业园区融商四路六号 苏宁二期,39.77131296926657,116.58730013538238,京AFX809
HYFHD20190530002304,1.0,0.03765,6.05,北京市通州区马驹桥镇物流产业园区融商四路六号 苏宁二期,39.77131296926657,116.58730013538238,京AFX809
HYFHD20190530002305,1.0,0.03765,6.05,北京市通州区马驹桥镇物流产业园区融商四路六号 苏宁二期,39.77131296926657,116.58730013538238,京AFX809
HYFHD20190530002381,100.0,4.082,743.0,北京市西城区金融街25号中国建设银行,39.918642330847966,116.36538485321537,京LBA621
HYFHD20190530002394,1.0,0.03059,4.5,北京市昌平区北七家镇燕丹3号,40.09585543480046,116.44570922089964,京EH2189
HYFHD20190530002396,5.0,0.2184,33.25,北京市朝阳区霄云路霄云里7号楼/金,39.96758269344568,116.47171651287178,京Q7S2E7
HYFHD20190531000064,200.0,10.048,1576.0,北京市海淀区唐家岭京包路7号中区西101库,40.088582775690206,116.29608514381765,京HAE675
HYFHD20190531000278,30.0,1.5072,229.8,北京市东城区东四十条68号801室平安发展大厦,39.93385126941799,116.43243343325935,京KAF528
HYFHD20190531000344,1.0,0.05024,7.14,NRTDOA-北京市通州区马驹桥镇兴贸一街十四号京东售后-周宏杰,39.76987001504703,116.57587386895655,京AFX809
HYFHD20190531000374,2.0,0.08925,13.71,北京市海淀区知春路111号 理想大厦 B1/曹峻伟,39.98266814149613,116.32819039859163,京ED6758
HYFHD20190531000438,1.0,0.0376,6.46,DOA-北京市通州区马驹桥镇兴贸一街14号京东售后,39.76987001504703,116.57587386895655,京AFX809
HYFHD20190531000483,300.0,17.598,2853.0,北京市海淀区冷泉村89号库房（薛向阳）,40.036885008671774,116.22728652270797,京N9UB75
HYFHD20190531000503,118.0,3.1565,454.3,北京农业职业学院香山校区(北京市海淀区香山普安店29号),39.99717425714869,116.23351112772232,京HAE675
HYFHD20190531002181,1.0,0.05024,7.61,NRTDOA-北京市通州区马驹桥镇兴贸一街十四号京东售后-周宏杰,39.76987001504703,116.57587386895655,京AFX809
HYFHD20190531002214,1.0,0.07536,7.56,北京市海淀区中关村东路18号财智国际大厦B1608室,39.99379097181895,116.34064718223408,京EP0226
HYFHD20190531002231,43.0,2.52238,405.92,北京市海淀区西北旺镇土井村甲49号东居库房1号库/ 刘波,40.06698417419249,116.27490388411307,京N9UB75
HYFHD20190531002425,10.0,0.6964,107.5,北京市海淀区西北旺东路10号院百度科技园2＃楼,40.0502712209131,116.2796283422817,京ADV2858
HYFHD20190531002429,2.0,0.10048,15.44,北京市东城区国瑞城中区西部地下商场,39.90518891942047,116.42805210354129,京E95505
HYFHD20190531002430,2.0,0.10048,15.54,北京市丰台东大街（海航对面）东里2号,39.81508915102522,116.16710641444077,京Q01PU2
HYFHD20190531002431,3.0,0.15072,23.16,北京市海淀区北三环中路47号,39.974821500009504,116.37760001154005,京Q7S2E7
HYFHD20190531002432,2.0,0.10048,15.54,北京市石景山区八角北里,39.9210636529584,116.20942630925344,京Q39UU8
HYFHD20190531004089,2100.0,6.2459999999999996,996.6600000000001,北京市海淀区西北旺镇黑龙潭路58号平房金东方物流,40.05118652171946,116.25668741616789,京N9XJ53
HYFHD20190531004097,1.0,0.05024,7.37,NRTDOA-北京市通州区马驹桥镇兴贸一街十四号京东售后-周宏杰,39.76987001504703,116.57587386895655,京AFX809
HYFHD20190531004149,14.0,0.70336,106.68,北京市顺义区金马工业区北路19号院内/孙金龙（顺义）新,40.143113737275016,116.58768820943695,京AKV539
HYFHD20190531004186,1.0,0.0376,6.46,DOA-北京市通州区马驹桥镇兴贸一街14号京东售后,39.76987001504703,116.57587386895655,京AFX809
HYFHD20190531004375,2.0,0.09696,13.3,北京北京朝阳区望京街道办事处望京中环南路甲2号佳境天城,39.986163899036946,116.48318799370882,京Q7S2E7
HYFHD20190531004376,2.0,0.11732000000000001,19.14,北京北京朝阳区望京街道办事处望京中环南路甲2号佳境天城,39.986163899036946,116.48318799370882,京Q7S2E7
SHFHD20190523000194,1.0,0.01248,2.42,北京北京市海淀区西北旺联想总部西区康健0001_422001,40.051993699327596,116.28096924291646,京ADV2858
SHFHD20190529000144,2.0,0.0278,6.52,北京市海淀区中关村甲331号怡升园商务公寓三单元302室,39.98564205043494,116.34099796963743,京EP0226
SHFHD20190529000204,90.0,0.558,89.2113,北京市朝阳区新源南路1号都汇天地二层,39.95480420719806,116.46653266126535,京YK8178
SHFHD20190529000384,3.0,0.0186,2.97371,北京市朝阳区望京利泽东二路1号,40.0176070078758,116.48827933781384,京Q7S2E7
SHFHD20190529000528,2.0,0.0242,4.8,北京市海淀区田村路圣华里4号安格大厦8层8008室,39.93481815351012,116.24587902133963,京Q39UU8
SHFHD20190529000547,3.0,0.0186,2.97371,北京市海淀区清河橡树湾二期物业客服部,40.03645984546213,116.3432871215685,京ADV2858
SHFHD20190530000044,1.0,0.0116,2.3,北京市海淀区中关村软件园23号楼孵化器加速器4层,40.053028097291964,116.29389470757738,京ADV2858
SHFHD20190530000082,1.0,0.02487,4.625,NRTDOA-北京市通州区马驹桥镇兴贸一街十四号京东售后-周宏杰,39.76987001504703,116.57587386895655,京AFX809
SHFHD20190530000083,1.0,0.0114,2.4,NRTDOA-北京市通州区马驹桥镇兴贸一街十四号京东售后-周宏杰,39.76987001504703,116.57587386895655,京AFX809
SHFHD20190530000084,1.0,0.0114,2.4,NRTDOA-北京市通州区马驹桥镇兴贸一街十四号京东售后-周宏杰,39.76987001504703,116.57587386895655,京AFX809
SHFHD20190530000085,1.0,0.0114,2.45,NRTDOA-北京市通州区马驹桥镇兴贸一街十四号京东售后-周宏杰,39.76987001504703,116.57587386895655,京AFX809
SHFHD20190530000086,1.0,0.0114,2.4,NRTDOA-北京市通州区马驹桥镇兴贸一街十四号京东售后-周宏杰,39.76987001504703,116.57587386895655,京AFX809
SHFHD20190530000087,1.0,0.02487,4.33,NRTDOA-北京市通州区马驹桥镇兴贸一街十四号京东售后-周宏杰,39.76987001504703,116.57587386895655,京AFX809
SHFHD20190530000088,1.0,0.02487,4.33,NRTDOA-北京市通州区马驹桥镇兴贸一街十四号京东售后-周宏杰,39.76987001504703,116.57587386895655,京AFX809
SHFHD20190530000089,1.0,0.02487,4.3,NRTDOA-北京市通州区马驹桥镇兴贸一街十四号京东售后-周宏杰,39.76987001504703,116.57587386895655,京AFX809
SHFHD20190530000090,1.0,0.02487,4.33,NRTDOA-北京市通州区马驹桥镇兴贸一街十四号京东售后-周宏杰,39.76987001504703,116.57587386895655,京AFX809
SHFHD20190530000091,1.0,0.02487,4.33,NRTDOA-北京市通州区马驹桥镇兴贸一街十四号京东售后-周宏杰,39.76987001504703,116.57587386895655,京AFX809
SHFHD20190530000092,1.0,0.02487,4.33,NRTDOA-北京市通州区马驹桥镇兴贸一街十四号京东售后-周宏杰,39.76987001504703,116.57587386895655,京AFX809
SHFHD20190530000093,1.0,0.02487,4.33,NRTDOA-北京市通州区马驹桥镇兴贸一街十四号京东售后-周宏杰,39.76987001504703,116.57587386895655,京AFX809
SHFHD20190530000094,1.0,0.01068,2.025,NRTDOA-北京市通州区马驹桥镇兴贸一街十四号京东售后-周宏杰,39.76987001504703,116.57587386895655,京AFX809
SHFHD20190530000095,1.0,0.0106,2.2,NRTDOA-北京市通州区马驹桥镇兴贸一街十四号京东售后-周宏杰,39.76987001504703,116.57587386895655,京AFX809
SHFHD20190530000096,1.0,0.0114,2.4,NRTDOA-北京市通州区马驹桥镇兴贸一街十四号京东售后-周宏杰,39.76987001504703,116.57587386895655,京AFX809
SHFHD20190530000097,1.0,0.0114,2.4,NRTDOA-北京市通州区马驹桥镇兴贸一街十四号京东售后-周宏杰,39.76987001504703,116.57587386895655,京AFX809
SHFHD20190530000098,1.0,0.0114,2.4,NRTDOA-北京市通州区马驹桥镇兴贸一街十四号京东售后-周宏杰,39.76987001504703,116.57587386895655,京AFX809
SHFHD20190530000099,1.0,0.0114,2.4,NRTDOA-北京市通州区马驹桥镇兴贸一街十四号京东售后-周宏杰,39.76987001504703,116.57587386895655,京AFX809
SHFHD20190530000100,1.0,0.0114,2.4,NRTDOA-北京市通州区马驹桥镇兴贸一街十四号京东售后-周宏杰,39.76987001504703,116.57587386895655,京AFX809
SHFHD20190530000101,1.0,0.0114,2.4,NRTDOA-北京市通州区马驹桥镇兴贸一街十四号京东售后-周宏杰,39.76987001504703,116.57587386895655,京AFX809
SHFHD20190530000193,1.0,0.02487,4.25,DOA-北京市通州区马驹桥镇兴贸一街十四号京东售后,39.76987001504703,116.57587386895655,京AFX809
SHFHD20190530000204,1.0,0.0106,2.2,DOA-北京市通州区马驹桥镇兴贸一街十四号京东售后,39.76987001504703,116.57587386895655,京AFX809
SHFHD20190530000205,1.0,0.0106,2.2,DOA-北京市通州区马驹桥镇兴贸一街十四号京东售后,39.76987001504703,116.57587386895655,京AFX809
SHFHD20190530000206,1.0,0.0106,2.2,DOA-北京市通州区马驹桥镇兴贸一街十四号京东售后,39.76987001504703,116.57587386895655,京AFX809
SHFHD20190530000252,6.0,0.07871999999999998,14.52,DOA-北京市海淀区E世界地下一层,39.98702431350889,116.32242319457346,京ED6758
SHFHD20190530000422,1.0,0.01125,2.45,DOA-北京市通州区马驹桥镇物流产业园区融商四路六号苏宁二期,39.77131296926657,116.58730013538238,京AFX809
SHFHD20190530000423,1.0,0.01125,2.45,DOA-北京市通州区马驹桥镇物流产业园区融商四路六号苏宁二期,39.77131296926657,116.58730013538238,京AFX809
SHFHD20190530000424,1.0,0.01125,2.45,DOA-北京市通州区马驹桥镇物流产业园区融商四路六号苏宁二期,39.77131296926657,116.58730013538238,京AFX809
SHFHD20190530000425,1.0,0.01125,2.45,DOA-北京市通州区马驹桥镇物流产业园区融商四路六号苏宁二期,39.77131296926657,116.58730013538238,京AFX809
SHFHD20190530000426,1.0,0.01125,2.45,DOA-北京市通州区马驹桥镇物流产业园区融商四路六号苏宁二期,39.77131296926657,116.58730013538238,京AFX809
SHFHD20190530000427,1.0,0.01125,2.45,DOA-北京市通州区马驹桥镇物流产业园区融商四路六号苏宁二期,39.77131296926657,116.58730013538238,京AFX809
SHFHD20190530000428,1.0,0.01125,2.45,DOA-北京市通州区马驹桥镇物流产业园区融商四路六号苏宁二期,39.77131296926657,116.58730013538238,京AFX809
SHFHD20190530000429,1.0,0.01125,2.45,DOA-北京市通州区马驹桥镇物流产业园区融商四路六号苏宁二期,39.77131296926657,116.58730013538238,京AFX809
SHFHD20190530000430,1.0,0.01125,2.45,DOA-北京市通州区马驹桥镇物流产业园区融商四路六号苏宁二期,39.77131296926657,116.58730013538238,京AFX809
SHFHD20190530000431,1.0,0.01125,2.45,DOA-北京市通州区马驹桥镇物流产业园区融商四路六号苏宁二期,39.77131296926657,116.58730013538238,京AFX809
SHFHD20190530000432,1.0,0.01125,2.45,DOA-北京市通州区马驹桥镇物流产业园区融商四路六号苏宁二期,39.77131296926657,116.58730013538238,京AFX809
SHFHD20190530000433,1.0,0.01125,2.45,DOA-北京市通州区马驹桥镇物流产业园区融商四路六号苏宁二期,39.77131296926657,116.58730013538238,京AFX809
SHFHD20190530000434,1.0,0.01125,2.45,DOA-北京市通州区马驹桥镇物流产业园区融商四路六号苏宁二期,39.77131296926657,116.58730013538238,京AFX809
SHFHD20190530000435,1.0,0.01125,2.45,DOA-北京市通州区马驹桥镇物流产业园区融商四路六号苏宁二期,39.77131296926657,116.58730013538238,京AFX809
SHFHD20190530000436,1.0,0.01125,2.45,DOA-北京市通州区马驹桥镇物流产业园区融商四路六号苏宁二期,39.77131296926657,116.58730013538238,京AFX809
SHFHD20190530000437,1.0,0.0745,10.1,DOA-北京市通州区马驹桥镇物流产业园区融商四路六号苏宁二期,39.77131296926657,116.58730013538238,京AFX809
SHFHD20190530000438,1.0,0.0745,10.1,DOA-北京市通州区马驹桥镇物流产业园区融商四路六号苏宁二期,39.77131296926657,116.58730013538238,京AFX809
SHFHD20190530000439,1.0,0.0114,2.4,DOA-北京市通州区马驹桥镇物流产业园区融商四路六号苏宁二期,39.77131296926657,116.58730013538238,京AFX809
SHFHD20190530000440,1.0,0.0114,2.4,DOA-北京市通州区马驹桥镇物流产业园区融商四路六号苏宁二期,39.77131296926657,116.58730013538238,京AFX809
SHFHD20190530000441,1.0,0.0114,2.35,DOA-北京市通州区马驹桥镇物流产业园区融商四路六号苏宁二期,39.77131296926657,116.58730013538238,京AFX809
SHFHD20190530000442,1.0,0.0114,2.4,DOA-北京市通州区马驹桥镇物流产业园区融商四路六号苏宁二期,39.77131296926657,116.58730013538238,京AFX809
SHFHD20190530000475,1.0,0.0123,2.8,北京市崇文区永外管村12号院3号楼309室,39.870535834876975,116.40231756137624,京E95505
SHFHD20190530000508,120.0,0.6465,111.1113,北京市丰台区宛平城沙岗村136号刑犬工作队,39.85670655721934,116.23338247061056,京Q01PU2
SHFHD20190530000510,8.0,0.0431,7.40742,北京市丰台区 总部基地七区27号楼6层,39.82976186269123,116.2894786511649,京Q01PU2
SHFHD20190530000531,8.0,0.04309999999999999,7.40742,北京市朝阳区安贞里三区26号楼406,39.97580913913902,116.40898644044834,京Q83JZ2
SHFHD20190530000532,80.0,0.43100000000000005,74.0742,北京市朝阳区麦子店街20号楼432室,39.95156105439384,116.47337343738492,京Q7S2E7
SHFHD20190530000536,4.0,0.02155,3.70371,北京市朝阳区北辰西路1号院104号楼,40.011354742753355,116.39167733652589,京Q83JZ2
SHFHD20190530000683,5.0,0.0615,13.25,北京市崇文区永外管村12号院3号楼309室,39.870535834876975,116.40231756137624,京E95505
SHFHD20190530000706,20.0,0.23199999999999998,50.0,北京市朝阳区广渠门外大街8号优士阁A座2311室,39.898764840605175,116.46527907592618,京E95505
SHFHD20190530000735,130.0,1.7489999999999999,382.0,北京北京市海淀区彩和坊路8号天创科技大厦1001B/王路平,39.98772220926014,116.31536219256998,京PM1867
SHFHD20190530000740,100.0,1.23,270.0,北京市顺义区南法信西杜兰村零六三乡道北京市植物保护站科技展示基地南30米（紫光北京顺义库）,40.151747109494345,116.60130055823012,京PBA810
SHFHD20190530000764,50.0,0.57,117.5,北京市丰台区京农控股集团有限公司小井村292号,39.8851070781881,116.30330962215277,京CAM602
SHFHD20190530000843,15.0,0.04125,5.7,北京市海淀区西北旺镇土井村甲49号东居库房1号库(西北旺派出所东侧)/周康,40.047328887361665,116.27202541951321,京N9UB75
SHFHD20190530000939,1.0,0.00275,0.38,北京海淀区学院路30号北京科技大学国际处会议中心,39.99893276868462,116.36309754281059,京EP0226
SHFHD20190530001001,15.0,0.01035,2.1375,北京市西城区丰盛胡同22号丰铭国际A座5楼,39.92426607229226,116.37401137714639,京QQ06C8
SHFHD20190530001054,1.0,0.0745,11.2,NRTDOA-北京市通州区马驹桥镇兴贸一街十四号京东售后-周宏杰,39.76987001504703,116.57587386895655,京AFX809
SHFHD20190531000204,1.0,0.0745,9.4,DOA-北京市通州区马驹桥镇物流产业园区融商四路六号苏宁二期,39.77131296926657,116.58730013538238,京AFX809
SHFHD20190531000259,2.0,0.0246,5.4,北京市海淀区上地信息路2号2-1幢C栋浪潮大厦828室/乔红,40.05322508916401,116.31135002509446,京PM1868
SHFHD20190531000276,1.0,0.0123,2.8,北京市顺义区南法信西杜兰村零六三乡道北京市植物保护站科技展示基地南30米（紫光北京顺义库）,40.151747109494345,116.60130055823012,京PBA810
SHFHD20190531000281,100.0,1.21,238.0,北京市海淀区冷泉东路100号7号库,40.036053055654946,116.24037238790245,京N7FP16
SHFHD20190531000291,240.0,1.2592,257.0,北京市西城区闹市口大街1号院1号楼中国建设银行,39.910802250519275,116.36906665716162,京LBA621
SHFHD20190531000357,20.0,0.12079999999999999,21.6833,CN-中国 北京北京市北京市朝阳区望京东园四区4号楼 B1小邮局,40.006490085142865,116.49241203453285,京Q7S2E7
SHFHD20190531000384,210.0,1.302,211.6597,北京朝阳区三环以内北京市朝阳区新源南路3号平安国际金融中心A座902室,39.955511820498145,116.46568613318667,京YK8178
SHFHD20190531000755,60.0,0.7829999999999999,171.0,北京北京市海淀区彩和坊路8号天创科技大厦1001B/王路平,39.98772220926014,116.31536219256998,京PM1867
SHFHD20190531000870,1.0,0.0745,11.06,NRTDOA-北京市通州区马驹桥镇兴贸一街十四号京东售后-周宏杰,39.76987001504703,116.57587386895655,京AFX809
SHFHD20190531000913,50.0,0.615,135.0,北京市海淀区彩和坊路8号天创科技大厦614/王丹,39.98749656987318,116.31587811367861,京PM1867
SHFHD20190531000916,2.0,0.0232,5.2,北京 西城区 内环到二环里 复兴门内大街156号泰康人寿大厦B座6层,39.91196708417207,116.36857900303248,京QQ06C8
SZFHD20190523001020,3.0,0.01788,3.27833,北京西城区内环到二环里金融街9号金融街中心北楼15层1519室,39.92492288935996,116.36571097314942,京QQ06C8
SZFHD20190528000929,100.0,0.051,26.7,北京市海淀区知春路西五道口2号荣上居地下二层D30库房（希格玛公寓东北角150米）,39.9854566130453,116.34547498596011,京EP0226
SZFHD20190528000955,12.0,0.0038399999999999997,0.69996,北京市西城区复兴门内大街1号中国银行总行 赵星,39.914160754140845,116.37940391051261,京QQ06C8
SZFHD20190528001032,6.0,0.00426,1.02,北京市朝阳区东大桥路9号侨福芳草地大厦B座8层,39.92479325041784,116.45560356202402,京E65745
SZFHD20190528001059,1.0,0.00066,0.1,北京市东城区朝阳门北大街3-7号，五矿广场B座9层,39.93751072576559,116.43889085929916,京E65745
SZFHD20190528001084,1.0,0.00367,1.37,北京市海淀区中关村软件园24号楼 甲骨文大厦,40.05401150254341,116.29606822243676,京ADV2858
SZFHD20190528001095,1.0,0.00902,2.21,北京东城区兴华路六号院（大龙公寓）3号楼，504房间,39.969903833576524,116.41918239932565,京E95505
SZFHD20190528001096,1.0,0.00902,2.21,北京市海淀区中关村软件园24号楼 甲骨文大厦,40.05401150254341,116.29606822243676,京ADV2858
SZFHD20190529000001,45.0,0.27525,50.82495,北京西城区复兴门内大街55号,39.91384990535971,116.37117052459821,京QQ06C8
SZFHD20190529000004,15.0,0.09470000000000003,15.891650000000002,北京市东城区安定门内大街257号,39.94842145096384,116.41454765403,京Q7S2E7
SZFHD20190529000007,6.0,0.03788,6.316660000000001,北京市朝阳区望京利泽东二路1号,40.0176070078758,116.48827933781384,京Q7S2E7
SZFHD20190529000008,9.0,0.056819999999999996,9.56499,北京市朝阳区望京利泽东二路1号,40.0176070078758,116.48827933781384,京KAF528
SZFHD20190529000023,10.0,0.8479,116.8,北京市海淀区上地信息路2号1号楼14C,40.05286486318571,116.31218508989653,京ADV2858
SZFHD20190529000056,1.0,0.00049,0.16,北京市东城区朝阳门北大街5号五矿广场B座10层,39.93751072576559,116.43889085929916,京E65745
SZFHD20190529000326,30.0,0.0405,1.8,北京市朝阳区新源南路1号都汇天地二层,39.95480420719806,116.46653266126535,京YK8178
SZFHD20190529000374,9.0,0.05724,9.59499,北京朝阳区三环到四环之间5号院10号楼外运大厦B座4层B座401室,39.98451861707255,116.41073354405503,京Q83JZ2
SZFHD20190529000375,9.0,0.05724,9.59499,北京/ 朝阳区/ 三环以内/安定路5号院10号楼外运大厦B 座8 层10 号楼,39.98415817396229,116.41102860956758,京Q83JZ2
SZFHD20190529000381,4.0,0.03608,8.84,北京市东城区朝阳门北大街3-7号，五矿广场B座9层,39.93751072576559,116.43889085929916,京E65745
SZFHD20190529000389,2.0,0.01804,4.42,北京市东城区朝阳北路五矿广场B座9层IT部,39.93751072576559,116.43889085929916,京E65745
SZFHD20190529000394,2.0,0.0027,0.12,北京市顺义区空港物流园顺畅大道16号普洛斯物流园B5-148号库,40.13190305620686,116.60060601625727,京PBA810
SZFHD20190529000395,1.0,0.00135,0.06,北京市顺义区空港物流园顺畅大道16号普洛斯物流园B5-148号库,40.131879593269396,116.60325994220848,京PBA810
SZFHD20190529000397,200.0,10.968,892.0,北京市海淀区北三环西路科技会展中心48号院3号楼22C,39.97201101609467,116.33105956662779,京EAY728
SZFHD20190529000402,3.0,0.01908,3.19833,北京朝阳区三环到四环之间 外运大厦B座7层7层,39.98451861707255,116.41073354405503,京Q83JZ2
SZFHD20190529000440,18.0,0.009000000000000001,1.69992,北京市海淀区中关村环保园锦带路66号院谱尼大厦,40.070199097050136,116.17220843041524,京EH2189
SZFHD20190529000447,76.0,0.08436,15.370999999999999,北京市海淀区西北旺东路10号院1号楼 联想总部东区,40.051039058193844,116.29464500108509,京ADV2858
SZFHD20190529000456,768.0,0.8524799999999999,155.328,北京市昌平区沙河镇松兰堡村村北临1号,40.16028491843525,116.30547193244752,京EH2189
SZFHD20190529000579,20.0,6.8442,947.0,北京市北京海淀区 北京市海淀区四季青镇杏石口路23号西山塑料厂院内,39.955784253410336,116.26662920219607,京MAM168
SZFHD20190529000667,1.0,0.0768,11.75,北京市海淀区海淀路19-1号中成大厦1205室01082610922,39.99214415117413,116.31717427869894,京ED6758
SZFHD20190529000671,10.0,1.128,22.8,北京市朝阳区广渠门外大街8号优士阁A座2311室,39.898764840605175,116.46527907592618,京E95505
SZFHD20190529000674,58.0,13.37744,2010.50001,北京市海定区知春路111号理想大厦地下B2层B208室,39.98266814149613,116.32819039859163,京N3CW92
SZFHD20190529000708,8.0,0.052879999999999996,16.16,北京市海淀区苏州街75号鼎均大厦4201,39.97945359106418,116.311194776343,京ED6758
SZFHD20190529000782,6.0,0.024059999999999998,8.4,北京市朝阳区东大桥路9号侨福芳草地大厦B座8层,39.92479325041784,116.45560356202402,京E65745
SZFHD20190529000798,1.0,0.0003,0.1,北京市海淀区中关村软件园23号楼孵化器加速器4层,40.053028097291964,116.29389470757738,京ADV2858
SZFHD20190530000088,6.0,0.00624,1.08,北京市海淀区西北旺东路10号院1号楼联想东区,40.05353139709577,116.28924000193328,京ADV2858
SZFHD20190530000120,3.0,0.025229999999999995,6.449999999999999,北京市海淀区成府路28号，优盛大厦A座15层，100083,39.997998106282694,116.34556881756384,京EP0226
SZFHD20190530000128,3.0,0.0561,0.41700000000000004,直营-北京市海淀区清河中街68号五彩城购物中心西区一层L106,40.03572377440466,116.34169354915312,京ADV2858
SZFHD20190530000166,1.0,0.0001,0.16,北京市东城区朝阳门北大街5号五矿广场B座10层,39.93751072576559,116.43889085929916,京E65745
SZFHD20190530000167,1.0,0.04165,6.79,北京市东城区朝阳门北大街3-7号第五广场B座10层,39.93749892278636,116.43894646890175,京E65745
SZFHD20190530000369,1.0,0.10032,16.0,北京市朝阳区广渠门外大街8号优士阁A座2311室,39.898764840605175,116.46527907592618,京E95505
SZFHD20190530000392,17.0,0.01768,3.06,北京市海淀区温泉镇凯盛家园一区2号楼地下一层105室,40.05649796407448,116.1794914450323,京N7FP16
SZFHD20190530000401,80.0,0.8176,165.6,北京市海淀区西北旺东路10号院西区4号楼 王子涵,40.05388906525049,116.28666997951332,京ADV2858
SZFHD20190530000471,5.0,1.0422,170.0,北京市海淀区 中关村东路 骏马国际写字楼 地下三层,39.98647747892141,116.33908512686752,京PL1870
SZFHD20190530000675,3.0,0.01788,3.25833,北京市海淀区西北旺镇土井村甲49号东居库房1号库(西北旺派出所东侧)/周康,40.047328887361665,116.27202541951321,京N9UB75
SZFHD20190530000676,84.0,0.50064,91.23324000000001,北京市海淀区西北旺镇土井村甲49号东居库房1号库(西北旺派出所东侧)/周康,40.047328887361665,116.27202541951321,京N9UB75
SZFHD20190530000686,1.0,0.00902,2.15,北京市朝阳区广渠门外大街8号优士阁A座2311室,39.898764840605175,116.46527907592618,京E95505
SZFHD20190530000692,10.0,0.002,0.45,北京市海淀区中关村大街28-1号海淀文化艺术大厦A座702A室,39.98254888354428,116.32590670656144,京EP0226
SZFHD20190530000712,6.0,0.03816,6.396660000000001,北京朝阳区三环到四环之间5号院10号楼外运大厦B座4层B座401室,39.98451861707255,116.41073354405503,京Q83JZ2
SZFHD20190530000715,1.0,0.00902,2.21,北京市东城区朝阳门北大街3-7号，五矿广场B座9层,39.93751072576559,116.43889085929916,京E65745
SZFHD20190530000718,24.0,1.524,242.64,北京市海淀区安宁庄西路上第moma21号楼B2—15,39.89975504766038,116.23005903576616,京KAF528
SZFHD20190530000779,1.0,0.00027,0.1,北京市朝阳区景华南街5号远洋光华中心C座21层,39.92070743827135,116.46172744543138,京E65745
SZFHD20190530000817,1.0,0.168,26.0,北京市海淀区万寿路14号北京育英中学,39.916128540175954,116.30179022821318,京Q39UU8
SZFHD20190530000892,1.0,0.00445,1.14,北京市海淀区中关村软件园24号楼 甲骨文大厦,40.05401150254341,116.29606822243676,京ADV2858
SZFHD20190530000899,3.0,0.004379999999999999,0.9,北京市东城区朝阳门北大街5号五矿广场B座10层,39.93751072576559,116.43889085929916,京E65745
SZFHD20190530000900,3.0,0.01848,0.39,北京市东城区朝阳门北大街5号五矿广场B座9层,39.93751072576559,116.43889085929916,京E65745
SZFHD20190530000922,27.0,0.00945,3.24,北京市海淀区体院西路甲2号民营科技创业园D座1层177,40.02618713832071,116.32196242672823,京EH2189
SZFHD20190531000083,20.0,0.004,0.9,北京市北京海淀区 北京市海淀区四季青镇杏石口路23号西山塑料厂院内,39.955784253410336,116.26662920219607,京MAM168
SZFHD20190531000084,19.0,0.44425,51.625,北京市北京海淀区 北京市海淀区四季青镇杏石口路23号西山塑料厂院内,39.955784253410336,116.26662920219607,京MAM168
SZFHD20190531000099,4.0,0.03608,8.52,北京市东城区广渠门内大街80号通正国际大厦907,39.898915392308346,116.43516750333323,京E95505
SZFHD20190531000109,1.0,0.00902,2.21,北京市东城区朝阳门北大街3-7号，五矿广场B座9层,39.93733571479743,116.43901289230608,京E65745
SZFHD20190531000157,1.0,0.0005099999999999999,0.16,北京东城区兴华路六号院（大龙公寓）3号楼，504房间,39.969903833576524,116.41918239932565,京E95505
SZFHD20190531000183,1.0,0.00135,0.06,北京经济技术开发区凉水河二街二号,39.76696328652689,116.528477293978,京AFX809
SZFHD20190531000184,1.0,0.00135,0.06,北京经济技术开发区凉水河二街二号,39.76696328652689,116.528477293978,京AFX809
SZFHD20190531000185,1.0,0.011590000000000001,2.33,北京经济技术开发区凉水河二街二号,39.76696328652689,116.528477293978,京AFX809
SZFHD20190531000186,1.0,0.011590000000000001,2.33,北京经济技术开发区凉水河二街二号,39.76696328652689,116.528477293978,京AFX809
SZFHD20190531000187,1.0,0.00063,0.15,北京经济技术开发区凉水河二街二号,39.76696328652689,116.528477293978,京AFX809
SZFHD20190531000188,1.0,0.00063,0.15,北京经济技术开发区凉水河二街二号,39.76696328652689,116.528477293978,京AFX809
SZFHD20190531000274,4.0,0.033760000000000005,2.24,北京市海淀区海淀路19-1号中成大厦1205室01082610922,39.9920883445681,116.31757237446365,京ED6758
SZFHD20190531000279,1.0,0.10032,16.0,北京市朝阳区广渠门外大街8号优士阁A座2311室,39.898764840605175,116.46527907592618,京E95505
SZFHD20190531000330,10.0,1.9133,298.75,北京市北京海淀区 北京市海淀区四季青镇杏石口路23号西山塑料厂院内,39.955784253410336,116.26662920219607,京MAM168
SZFHD20190531000351,2.0,0.23476,39.66,北京市石景山区实兴大街30号院16号楼8层/陶崇寅(85),39.943289987257515,116.19819713644635,京Q39UU8
SZFHD20190531000358,2.0,0.34221999999999997,46.0,北京市朝阳区酒仙桥路14号兆维工业园区D区1楼2门3楼,39.98012591064899,116.50222815480666,京Q7S2E7
SZFHD20190531000508,6.0,0.05412,13.38,北京市朝阳区广渠门外大街8号优士阁A座2311室,39.898764840605175,116.46527907592618,京E95505
SZFHD20190531000511,604.0,2.2382400000000002,332.0,北京市北京海淀区 北京市海淀区四季青镇杏石口路23号西山塑料厂院内,39.955784253410336,116.26662920219607,京MAM168
SZFHD20190531000543,3.0,0.30096,42.0,北京市海淀区西北旺东路10号院1号楼 联想总部东区 陈昊,40.051039058193844,116.29464500108509,京ADV2858
SZFHD20190531000635,5.0,1.71105,242.25,北京市海淀区 中关村东路 骏马国际写字楼 地下三层,39.98647747892141,116.33908512686752,京PL1870
